<launch>
  <arg name="map_size_x_"/>
  <arg name="map_size_y_"/>
  <arg name="map_size_z_"/>

  <arg name="odometry_topic"/>
  <arg name="camera_pose_topic"/>
  <arg name="depth_topic"/>
  <arg name="cloud_topic"/>

  <arg name="cx"/>
  <arg name="cy"/>
  <arg name="fx"/>
  <arg name="fy"/>

  <arg name="max_vel"/>
  <arg name="max_acc"/>

  <arg name="point_num"/>
  <arg name="point0_x"/>
  <arg name="point0_y"/>
  <arg name="point0_z"/>
  <arg name="point1_x"/>
  <arg name="point1_y"/>
  <arg name="point1_z"/>
  <arg name="point2_x"/>
  <arg name="point2_y"/>
  <arg name="point2_z"/>
  <arg name="point3_x"/>
  <arg name="point3_y"/>
  <arg name="point3_z"/>

  <arg name="flight_type"/>

  <!-- main node -->
  <node pkg="plan_manage" name="fast_planner_node" type="fast_planner_node" output="screen"  >
    <remap from="/odom_world" to="$(arg odometry_topic)"/>
    <remap from="/sdf_map/odom" to="$(arg odometry_topic)"/>
    <remap from="/sdf_map/cloud" to="$(arg cloud_topic)"/>
    <remap from = "/sdf_map/pose"   to = "$(arg camera_pose_topic)"/> 
    <remap from = "/sdf_map/depth" to = "$(arg depth_topic)"/>

   <!--local map-->
    <param name="sdf_map/resolution"      value="0.1" /> 
    <param name="sdf_map/map_size_x"   value="$(arg map_size_x_)" /> 
    <param name="sdf_map/map_size_y"   value="$(arg map_size_y_)" /> 
    <param name="sdf_map/map_size_z"   value="$(arg map_size_z_)" /> 
    <param name="sdf_map/local_update_range_x"  value="5.5" /> 
    <param name="sdf_map/local_update_range_y"  value="5.5" /> 
    <param name="sdf_map/local_update_range_z"  value="4.5" /> 
    <param name="sdf_map/obstacles_inflation"     value="0.1" /> 
    <param name="sdf_map/local_bound_inflate"    value="0.0"/>
    <param name="sdf_map/local_map_margin" value="50"/>
    <param name="sdf_map/ground_height"        value="-1.0"/>
    <!-- camera parameter -->
    <param name="sdf_map/cx" value="$(arg cx)"/>
    <param name="sdf_map/cy" value="$(arg cy)"/>
    <param name="sdf_map/fx" value="$(arg fx)"/>
    <param name="sdf_map/fy" value="$(arg fy)"/>
    <!-- depth filter -->
    <param name="sdf_map/use_depth_filter" value="true"/>
    <param name="sdf_map/depth_filter_tolerance" value="0.15"/>
    <param name="sdf_map/depth_filter_maxdist"   value="6.0"/>
    <param name="sdf_map/depth_filter_mindist"   value="0.2"/>
    <param name="sdf_map/depth_filter_margin"    value="1"/>
    <param name="sdf_map/k_depth_scaling_factor" value="1000.0"/>
    <param name="sdf_map/skip_pixel" value="4"/>
    <!-- local fusion -->
    <param name="sdf_map/p_hit"  value="0.65"/>
    <param name="sdf_map/p_miss" value="0.35"/>
    <param name="sdf_map/p_min"  value="0.12"/>
    <param name="sdf_map/p_max"  value="0.90"/>
    <param name="sdf_map/p_occ"  value="0.80"/>
    <param name="sdf_map/min_ray_length" value="0.5"/>
    <param name="sdf_map/max_ray_length" value="4.5"/>

    <param name="sdf_map/esdf_slice_height" value="0.3"/>
    <!-- <param name="sdf_map/visualization_truncate_height"   value="20"/> -->
    <param name="sdf_map/virtual_ceil_height"   value="2.5"/>
    <param name="sdf_map/show_occ_time"  value="false"/>
    <param name="sdf_map/show_esdf_time" value="false"/>
    <param name="sdf_map/pose_type"     value="2"/>  
    <param name="sdf_map/frame_id"      value="world"/>

    <!-- replanning method -->
    <param name="planner_node/planner" value="1" type="int"/>

    <!-- planning fsm -->
    <param name="fsm/flight_type" value="$(arg flight_type)" type="int"/>
    <param name="fsm/thresh_replan" value="1.5" type="double"/>
    <param name="fsm/thresh_no_replan" value="0.3" type="double"/>

    <param name="fsm/waypoint_num" value="$(arg point_num)" type="int"/>
    <param name="fsm/waypoint0_x" value="$(arg point0_x)" type="double"/>
    <param name="fsm/waypoint0_y" value="$(arg point0_y)" type="double"/>
    <param name="fsm/waypoint0_z" value="$(arg point0_z)" type="double"/>
    <param name="fsm/waypoint1_x" value="$(arg point1_x)" type="double"/>
    <param name="fsm/waypoint1_y" value="$(arg point1_y)" type="double"/>
    <param name="fsm/waypoint1_z" value="$(arg point1_z)" type="double"/>
    <param name="fsm/waypoint2_x" value="$(arg point2_x)" type="double"/>
    <param name="fsm/waypoint2_y" value="$(arg point2_y)" type="double"/>
    <param name="fsm/waypoint2_z" value="$(arg point2_z)" type="double"/>
    <param name="fsm/waypoint3_x" value="$(arg point3_x)" type="double"/>
    <param name="fsm/waypoint3_y" value="$(arg point3_y)" type="double"/>
    <param name="fsm/waypoint3_z" value="$(arg point3_z)" type="double"/>

  <!-- planner manager -->
    <param name="manager/max_vel" value="$(arg max_vel)" type="double"/>
    <param name="manager/max_acc" value="$(arg max_acc)" type="double"/>
    <param name="manager/max_jerk" value="4" type="double"/>
    <param name="manager/dynamic_environment" value="0" type="int"/>
    <param name="manager/local_segment_length" value="6.0" type="double"/>
    <param name="manager/clearance_threshold" value="0.2" type="double"/>
    <param name="manager/control_points_distance" value="0.5" type="double"/>  <!--0.5-->

    <param name="manager/use_geometric_path" value="false" type="bool"/>
    <param name="manager/use_kinodynamic_path" value="true" type="bool"/>
    <param name="manager/use_topo_path" value="false" type="bool"/>
    <param name="manager/use_optimization" value="true" type="bool"/>

  <!-- kinodynamic path searching -->
    <param name="search/max_tau" value="0.6" type="double"/> <!--0.6    0.8 动力学搜索时间参数可随着加速度下降 carefully add!!! -->
    <param name="search/init_max_tau" value="0.8" type="double"/>
    <param name="search/max_vel" value="$(arg max_vel)" type="double"/>
    <param name="search/max_acc" value="$(arg max_acc)" type="double"/>
    <param name="search/w_time" value="10.0" type="double"/>
    <param name="search/horizon" value="5.0" type="double"/>
    <param name="search/lambda_heu" value="5.0" type="double"/>
    <param name="search/resolution_astar" value="0.1" type="double"/>
    <param name="search/time_resolution" value="0.8" type="double"/>
    <param name="search/margin" value="0.2" type="double"/><!--防碰撞留的空白-->
    <param name="search/allocate_num" value="100000" type="int"/>
    <param name="search/check_num" value="5" type="int"/>

  <!-- trajectory optimization -->
    <param name="optimization/lambda1" value="10.0" type="double"/>
    <param name="optimization/lambda2" value="0.8" type="double"/>
    <param name="optimization/lambda3" value="0.00001" type="double"/>
    <param name="optimization/lambda4" value="1.0" type="double"/>   <!--已修改，原为0.01-->
    <param name="optimization/lambda7" value="100.0" type="double"/>
    <param name="optimization/dist0" value="0.7" type="double"/>
    <param name="optimization/max_vel" value="$(arg max_vel)" type="double"/>
    <param name="optimization/max_acc" value="$(arg max_acc)" type="double"/>

    <param name="optimization/algorithm1" value="15" type="int"/>
    <param name="optimization/algorithm2" value="11" type="int"/>

    <param name="optimization/max_iteration_num1" value="2" type="int"/>
    <param name="optimization/max_iteration_num2" value="300" type="int"/>
    <param name="optimization/max_iteration_num3" value="200" type="int"/>
    <param name="optimization/max_iteration_num4" value="200" type="int"/>

    <param name="optimization/max_iteration_time1" value="0.0001" type="double"/>
    <param name="optimization/max_iteration_time2" value="0.005" type="double"/>
    <param name="optimization/max_iteration_time3" value="0.003" type="double"/>
    <param name="optimization/max_iteration_time4" value="0.003" type="double"/>

    <param name="optimization/order" value="3" type="int"/>

    <param name="bspline/limit_vel" value="$(arg max_vel)" type="double"/>
    <param name="bspline/limit_acc" value="$(arg max_acc)" type="double"/>
    <param name="bspline/limit_ratio" value="1.1" type="double"/>

    <param name="bspline/limit_vel" value="$(arg max_vel)" type="double"/>
    <param name="bspline/limit_acc" value="$(arg max_acc)" type="double"/>
    <param name="bspline/limit_ratio" value="1.1" type="double"/>

  </node>

</launch>
